{"scale": 0.5000003219664967, "centroid": [0.005922004580497742, 0.05035250633955002, -0.026538491249084473]}