{
    "scale": 0.49110198637347185,
    "centroid": [
        0.0008700042963027954,
        -0.044600486755371094,
        -0.022104494273662567
    ]
}