{"scale": 0.4915258903267916, "centroid": [-9.98377799987793e-07, -0.041130997240543365, 0.0005434975028038025]}