{"scale": 0.48454824686520226, "centroid": [0.001954495906829834, -0.04485151171684265, -0.008198998868465424]}