{
    "scale": 1.0045771405961654,
    "centroid": [
        -0.008573252707719803,
        -0.007720619440078735,
        -0.008617252111434937
    ]
}