{"scale": 0.45576379603656775, "centroid": [0.001958996057510376, 0.0019830018281936646, 0.002451002597808838]}