{"scale": 0.5517873237706913, "centroid": [0.000858500599861145, 0.0010710060596466064, 0.006053999066352844]}