{"scale": 0.49538773768262473, "centroid": [-0.011840999126434326, -0.014840997755527496, 0.007601499557495117]}