{"scale": 0.47447655089318097, "centroid": [0.0024134963750839233, 0.024975493550300598, -0.010260000824928284]}