{"scale": 0.5000002399846967, "centroid": [-0.0013490021228790283, 0.05372650921344757, 0.001570001244544983]}