{"scale": 0.4951703394789443, "centroid": [0.0009900033473968506, -0.09655249863862991, -0.06732900440692902]}