{"scale": 0.4364092422795938, "centroid": [-0.0001659989356994629, 0.06737250089645386, 0.024469494819641113]}