{
    "scale": 1.014446413890383,
    "centroid": [
        -0.008447602391242981,
        -0.0070166438817977905,
        -0.009601831436157227
    ]
}