{
    "scale": 0.40929522351345804,
    "centroid": [
        0.0008795037865638733,
        -0.07298199832439423,
        -0.004717998206615448
    ]
}