{"scale": 0.5445310366096877, "centroid": [-0.0018979907035827637, 0.0022034943103790283, 0.004229992628097534]}