{
    "scale": 0.49056354531114665,
    "centroid": [
        0.00018300116062164307,
        -0.1207759827375412,
        -0.007462002336978912
    ]
}