{
    "scale": 0.40040935164241537,
    "centroid": [
        0.011253997683525085,
        0.014936506748199463,
        -0.010980010032653809
    ]
}