{
    "scale": 1.0080902690649776,
    "centroid": [
        -0.0083402618765831,
        -0.009361207485198975,
        -0.00911758840084076
    ]
}