{"scale": 0.4999999556055422, "centroid": [-0.0433415025472641, 0.011739499866962433, 0.023685000836849213]}