{"scale": 0.4682787981059534, "centroid": [0.0012024939060211182, -0.00013650208711624146, 0.0021224915981292725]}