{
    "scale": 1.1554505098259784,
    "centroid": [
        -0.00862795114517212,
        -0.006324321031570435,
        -0.010945916175842285
    ]
}