{
    "scale": 0.9796181922830293,
    "centroid": [
        -0.008167631924152374,
        -0.005708247423171997,
        0.00111427903175354
    ]
}