{"scale": 0.47518662216885865, "centroid": [0.0004409998655319214, 0.0010875016450881958, 0.0023769959807395935]}