{"scale": 0.5000004007715008, "centroid": [0.011873997747898102, -0.02282249927520752, -0.144314993172884]}