{"scale": 0.6255793236974503, "centroid": [-0.0006140023469924927, -0.000858500599861145, -0.0002745091915130615]}