{
    "scale": 1.028929393628432,
    "centroid": [
        -0.009017594158649445,
        -0.009559199213981628,
        -0.008010238409042358
    ]
}