{
    "scale": 1.0656838853031136,
    "centroid": [
        -0.007690593600273132,
        -0.007387861609458923,
        -0.010080039501190186
    ]
}