{"scale": 0.5000001199762034, "centroid": [-0.005404993891716003, -0.11160250008106232, 0.0036869943141937256]}