{"scale": 0.5000000872565812, "centroid": [0.001139998435974121, -0.04634249210357666, -0.0675085037946701]}