{"scale": 0.5000004114703187, "centroid": [0.0, -0.00595749169588089, 0.0]}