{
    "scale": 1.3486080412083556,
    "centroid": [
        -0.013554900884628296,
        -0.00782892107963562,
        -0.009092211723327637
    ]
}