{"scale": 0.6315252183395477, "centroid": [-0.0003875046968460083, -0.0033510029315948486, -7.510185241699219e-06]}