{"scale": 0.49999986396141877, "centroid": [-0.0019380003213882446, -0.12339099496603012, -0.010506503283977509]}