{"scale": 0.43088255327803743, "centroid": [0.0004789978265762329, -0.0009725019335746765, 0.002240501344203949]}