{"scale": 0.4932519230013257, "centroid": [0.0015850067138671875, 0.07207200676202774, -0.00019299983978271484]}