{"scale": 0.5900521655449134, "centroid": [0.0027404874563217163, 0.000746503472328186, -0.0067635029554367065]}