{"scale": 0.4958077821912504, "centroid": [0.002406001091003418, 0.00017499923706054688, 0.002016499638557434]}