{
    "scale": 0.9935109248763485,
    "centroid": [
        -0.008517146110534668,
        -0.00809568166732788,
        -0.011290909722447395
    ]
}