{"scale": 0.4977220477686485, "centroid": [-5.066394805908203e-07, 0.17433499917387962, 0.0003569945693016052]}