{"scale": 0.48821964755746383, "centroid": [0.0053374990820884705, -0.005402505397796631, -0.05640050023794174]}