{"scale": 0.48061197327831695, "centroid": [0.0007764995098114014, 0.00597749650478363, 0.003131002187728882]}