{"scale": 0.5874494553811219, "centroid": [9.649991989135742e-05, -0.004219993948936462, 0.001032993197441101]}