{
    "scale": 0.47933857372885114,
    "centroid": [
        5.748867988586426e-05,
        -0.07766500115394592,
        -0.03188100457191467
    ]
}