{"scale": 0.47367980023001904, "centroid": [-0.004780001938343048, 0.003560006618499756, -0.0009629949927330017]}