{"scale": 0.5426455063112416, "centroid": [0.003519013524055481, -0.00203549861907959, -0.0016195029020309448]}