{"scale": 0.46953355988469475, "centroid": [0.0, -0.03470100462436676, 0.0061604976654052734]}