{"scale": 0.4096445527763613, "centroid": [-0.0002675056457519531, -0.06315050274133682, 6.949901580810547e-05]}