{"scale": 0.4940515391550899, "centroid": [0.00039349496364593506, 0.0014589950442314148, 0.0039779990911483765]}