{"scale": 0.5000001154102931, "centroid": [0.01242201030254364, -0.12273299694061279, 0.005616500973701477]}