{"scale": 0.4734575297504001, "centroid": [0.0009009987115859985, -0.00367949903011322, 0.010054007172584534]}