{"scale": 0.6218516511486223, "centroid": [0.003461509943008423, -0.0030394941568374634, 0.0006289929151535034]}