{
    "scale": 0.48131590865701546,
    "centroid": [
        -0.0004924982786178589,
        0.0419979989528656,
        -0.059160999953746796
    ]
}