{"scale": 0.4999998492353806, "centroid": [-0.05352199077606201, 0.013992495834827423, -0.016311995685100555]}