{"scale": 0.499999976892659, "centroid": [0.011885002255439758, 0.15669800341129303, 0.009804494678974152]}