{"scale": 0.49999994008558984, "centroid": [-6.0498714447021484e-05, 0.041090503334999084, -0.00831650197505951]}