{"scale": 0.4893456513174179, "centroid": [0.0013094991445541382, -0.000617004930973053, 0.001783996820449829]}