{
    "scale": 1.0388001197316552,
    "centroid": [
        -0.008791223168373108,
        -0.007499828934669495,
        -0.0030175447463989258
    ]
}