{"scale": 0.592049384221872, "centroid": [-6.496906280517578e-06, 0.0012454986572265625, 0.0012024939060211182]}