{"scale": 0.5000001482999246, "centroid": [0.007796496152877808, 0.12264000624418259, 0.0416254997253418]}