{"scale": 0.496266189003261, "centroid": [-0.00019650161266326904, 0.04144350066781044, 0.0036654919385910034]}