{"scale": 0.5172372613236451, "centroid": [0.0012729912996292114, -0.0008470043540000916, 0.0031455010175704956]}