{"scale": 0.6864674578881518, "centroid": [0.00087699294090271, 0.00030750036239624023, 0.00033399462699890137]}