{"scale": 0.48179322731618435, "centroid": [-0.013827502727508545, 0.034855008125305176, -0.020662501454353333]}