{"scale": 0.6559397390272944, "centroid": [0.0019875019788742065, 0.00018900632858276367, 0.003935500979423523]}