{"scale": 0.40511908647414013, "centroid": [-0.004281491041183472, -0.022576510906219482, 0.006903499364852905]}