{
    "scale": 1.1258304852439318,
    "centroid": [
        -0.010487198829650879,
        -0.0024817585945129395,
        -0.00929337739944458
    ]
}