{"scale": 0.6596747954026816, "centroid": [0.003018006682395935, -0.0012684911489486694, 0.0008639991283416748]}