{"scale": 0.4491035637696794, "centroid": [-0.0003510117530822754, 0.0002745017409324646, 0.0006169974803924561]}