{"scale": 0.633737866028775, "centroid": [0.0009289979934692383, -0.0011470019817352295, 0.001296505331993103]}