{"scale": 0.4592332620252134, "centroid": [0.00106850266456604, 0.216240506619215, 0.002826511859893799]}