{
    "scale": 0.48058053889840546,
    "centroid": [
        0.006310999393463135,
        0.008605003356933594,
        -0.06702249497175217
    ]
}