{"scale": 0.5534718908340757, "centroid": [0.0017774999141693115, 0.001041993498802185, 0.0004419982433319092]}