{"scale": 0.5706703065071458, "centroid": [0.0013845115900039673, 0.0005339980125427246, 0.0044924914836883545]}