{
    "scale": 1.4556195183851999,
    "centroid": [
        -0.008733600378036499,
        0.010110795497894287,
        -0.049927711486816406
    ]
}