{
    "scale": 0.49664967207518895,
    "centroid": [
        0.0011810064315795898,
        -0.10793899744749069,
        0.0
    ]
}