{"scale": 0.5363572219093257, "centroid": [0.0008860081434249878, 0.0018890053033828735, 0.0027695000171661377]}