{"scale": 0.5025733500274723, "centroid": [-0.0022280067205429077, 0.002075500786304474, 0.003357499837875366]}