{
    "scale": 1.019945879057793,
    "centroid": [
        -0.00888533890247345,
        -0.01614287495613098,
        -0.011121660470962524
    ]
}