{"scale": 0.49634661222966886, "centroid": [-5.0067901611328125e-06, -0.046999990940093994, 0.13894099183380604]}