{"scale": 0.4789662646932315, "centroid": [0.0033435001969337463, 0.20437149703502655, -0.013875998556613922]}