{
    "scale": 1.0025702156546288,
    "centroid": [
        -0.009056627750396729,
        -0.010015517473220825,
        -0.007499495521187782
    ]
}