{
    "scale": 1.52045427703144,
    "centroid": [
        -0.023955732583999634,
        -0.025354504585266113,
        -0.0032578706741333008
    ]
}