{
    "scale": 0.4818845324222495,
    "centroid": [
        7.949769496917725e-05,
        -0.16613799333572388,
        0.05171750485897064
    ]
}