{"scale": 0.4950426323751483, "centroid": [0.001797005534172058, -0.016786500811576843, 0.007280498743057251]}