{"scale": 0.4376499083877121, "centroid": [-0.04086849093437195, -0.027831003069877625, 0.007512509822845459]}