{"scale": 0.6344799943408257, "centroid": [0.0006279945373535156, -0.0003779977560043335, 0.0010259896516799927]}