{
    "scale": 1.0341842492708486,
    "centroid": [
        -0.008350193500518799,
        -0.00843764841556549,
        -0.007956981658935547
    ]
}