{"scale": 0.4677506152328054, "centroid": [1.8499791622161865e-05, 0.1491285040974617, 0.24466248974204063]}