{"scale": 0.6646752988375698, "centroid": [-0.0004134923219680786, -1.7508864402770996e-05, 0.002330005168914795]}