{"scale": 0.5805155843856556, "centroid": [0.0010900050401687622, 0.000992998480796814, -0.008158504962921143]}