{
    "scale": 0.9797667598250233,
    "centroid": [
        -0.00831693410873413,
        -0.001675337553024292,
        -0.009770587086677551
    ]
}