{"scale": 0.5616494298584047, "centroid": [-0.0033735036849975586, -0.00062599778175354, 0.000988498330116272]}