{"scale": 0.5030044392681202, "centroid": [0.0005294978618621826, 0.005329497158527374, 0.0003190040588378906]}