{"scale": 0.5466491271374663, "centroid": [-5.8010220527648926e-05, -0.000451505184173584, -0.0017085075378417969]}