{"scale": 0.5000001527830167, "centroid": [0.03253801167011261, -0.0500044971704483, 0.02166399359703064]}