{"scale": 0.4913527702005108, "centroid": [0.012380003929138184, -0.20173250138759613, 0.01267850399017334]}