{"scale": 0.5000001413129983, "centroid": [0.014659009873867035, -0.0815725028514862, 0.020653992891311646]}