{"scale": 0.48560790105565566, "centroid": [0.0017690062522888184, 0.003429502248764038, 0.003017999231815338]}