{"scale": 0.5000000840430183, "centroid": [0.008526995778083801, -0.0295259952545166, -0.003483995795249939]}