{"scale": 0.5000000570109202, "centroid": [-0.023070499300956726, -0.09976450353860855, -0.07216700166463852]}