{"scale": 0.4663587441827003, "centroid": [0.0003850013017654419, -0.1273219957947731, 0.0027879923582077026]}