{"scale": 0.4660086467885818, "centroid": [-0.0017784982919692993, 0.029036998748779297, -0.0016475021839141846]}