{"scale": 0.4697931564116555, "centroid": [0.001010507345199585, 0.00041300058364868164, 0.0019889995455741882]}