{"scale": 0.5088268209636502, "centroid": [3.801286220550537e-05, 0.0013689994812011719, 0.0005729943513870239]}