{"scale": 0.5197369334799575, "centroid": [0.0023179948329925537, 0.0009469985961914062, 0.005677506327629089]}