{"scale": 0.4934015724721656, "centroid": [0.00023700296878814697, -0.004178501665592194, -0.00019249320030212402]}