{"scale": 0.5000004623729597, "centroid": [-0.004372000694274902, -0.127764493227005, -0.0011290013790130615]}