{"scale": 0.4917584625085334, "centroid": [0.0, -0.04731449484825134, -0.07336150854825974]}