{"scale": 0.5115794806585084, "centroid": [0.0005270019173622131, -0.0005989968776702881, 0.002951495349407196]}