{
    "scale": 1.4804109533793788,
    "centroid": [
        -0.007971733808517456,
        -0.010231494903564453,
        -0.010454893112182617
    ]
}