{"scale": 0.4842117407188006, "centroid": [0.002012498676776886, 0.08475349843502045, -0.017227500677108765]}