{"scale": 0.47431939994749966, "centroid": [0.0008310079574584961, -0.000979498028755188, 0.0020149946212768555]}