{"scale": 0.4694204110846303, "centroid": [-0.0015534907579421997, 0.03903999924659729, -0.026820510625839233]}