{
    "scale": 1.3900225536917956,
    "centroid": [
        0.04087492823600769,
        -0.003448575735092163,
        0.1747906506061554
    ]
}