{"scale": 0.4999997530520509, "centroid": [5.066394805908203e-07, -0.05106349289417267, 0.08374949544668198]}