{
    "scale": 1.107569831238153,
    "centroid": [
        -0.002087831497192383,
        -0.006462395191192627,
        -0.004234224557876587
    ]
}