{
    "scale": 0.9987925228835507,
    "centroid": [
        -0.008414611220359802,
        -0.009292226284742355,
        -0.010328084230422974
    ]
}