{"scale": 0.499999771644554, "centroid": [0.0, -0.21733999997377396, 0.018845006823539734]}