{"scale": 0.46375765598704255, "centroid": [0.0, 0.0465179979801178, 0.003345496952533722]}