{"scale": 0.5520248692649009, "centroid": [0.0009389966726303101, -0.00010599195957183838, 0.0009260028600692749]}