{
    "scale": 0.5000001914853781,
    "centroid": [
        0.002079993486404419,
        -0.03384549915790558,
        0.1745625026524067
    ]
}