{"scale": 0.3775491972585369, "centroid": [-0.0002315044403076172, -0.04885750263929367, 0.0010425001382827759]}