{
    "scale": 1.2289210989733135,
    "centroid": [
        -0.008598268032073975,
        -0.01516193151473999,
        -0.00889703631401062
    ]
}