{
    "scale": 0.4587473597947649,
    "centroid": [
        0.00012099742889404297,
        -0.0552155077457428,
        0.05377998948097229
    ]
}