{
    "scale": 0.3970836049404095,
    "centroid": [
        -0.019307509064674377,
        0.059996508061885834,
        -0.003471001982688904
    ]
}