{
    "scale": 0.500000208632899,
    "centroid": [
        -0.0033250004053115845,
        -0.03639549762010574,
        0.20502050034701824
    ]
}