{"scale": 0.4999999118603545, "centroid": [0.01737949252128601, -0.031103000044822693, 0.18079299479722977]}