{"scale": 0.4829403782500952, "centroid": [0.001117505133152008, -0.0019129961729049683, -0.00370199978351593]}