{"scale": 0.49644431611864975, "centroid": [-0.001484006643295288, 0.0005439966917037964, 0.0010719969868659973]}