{"scale": 0.5113783882204441, "centroid": [-0.0008984953165054321, 0.0017609968781471252, -0.006810501217842102]}