{"scale": 0.5292919916256584, "centroid": [0.000451505184173584, 0.003169506788253784, 1.2502074241638184e-05]}