{"scale": 0.5161810397668319, "centroid": [0.0020560026168823242, 7.549673318862915e-05, 0.0006300061941146851]}