{
    "scale": 0.49216827928984624,
    "centroid": [
        -0.009116500616073608,
        -0.018692493438720703,
        -0.034472495317459106
    ]
}