{
    "scale": 1.16319634189698,
    "centroid": [
        -0.006116032600402832,
        -0.008321881294250488,
        -0.008267968893051147
    ]
}