{"scale": 0.5533527208623232, "centroid": [-0.003049492835998535, 0.002178505063056946, 0.014030009508132935]}