{
    "scale": 1.1067212360023668,
    "centroid": [
        -0.00939992070198059,
        0.04064053297042847,
        -0.008899543434381485
    ]
}