{"scale": 0.6822940907910737, "centroid": [0.00015150010585784912, -0.0006079971790313721, -0.0005995035171508789]}