{"scale": 0.5663983474561329, "centroid": [-0.004458487033843994, -0.00036950409412384033, 0.001118496060371399]}