{
    "scale": 0.4349026152463327,
    "centroid": [
        5.4508447647094727e-05,
        -0.2745650000870228,
        -0.0001685023307800293
    ]
}