{
    "scale": 1.4654600750514022,
    "centroid": [
        0.000685960054397583,
        -0.03915432095527649,
        -0.010865181684494019
    ]
}