{"scale": 0.5975966571036101, "centroid": [0.0017694979906082153, 0.0006700009107589722, -0.00010450184345245361]}