{"scale": 0.59853824666378, "centroid": [0.0004255026578903198, 0.00019700080156326294, 0.002204999327659607]}