{"scale": 0.6561152249597221, "centroid": [0.0014434903860092163, 0.004932001233100891, 0.0010565072298049927]}