{"scale": 0.49951843603452684, "centroid": [-0.003045991063117981, -0.002969004213809967, 0.14217800088226795]}