{"scale": 0.4964890902447527, "centroid": [0.00024400651454925537, -0.05790949985384941, 0.20813850685954094]}