{
    "scale": 1.0487685897999552,
    "centroid": [
        -0.009712696075439453,
        -0.008236080408096313,
        -0.008302750065922737
    ]
}