{
    "scale": 0.48344500222250797,
    "centroid": [
        -0.018978506326675415,
        0.004346497356891632,
        -0.018224000930786133
    ]
}