{"scale": 0.5526492829756372, "centroid": [0.002138003706932068, 0.0013299882411956787, 0.007240012288093567]}