{"scale": 0.5000000313085066, "centroid": [0.1948240026831627, -0.04854299873113632, 0.16768299788236618]}