{
    "scale": 0.4879243051891014,
    "centroid": [
        0.0009440034627914429,
        -0.0023514926433563232,
        -0.0003059953451156616
    ]
}