{"scale": 0.47851913708212956, "centroid": [0.004726499319076538, -0.003385990858078003, 0.005437500774860382]}