{"scale": 0.50000038598431, "centroid": [0.0, 0.1539350003004074, -0.008730001747608185]}