{"scale": 0.5495730890777313, "centroid": [0.0006355047225952148, -0.0022100061178207397, 0.0034244954586029053]}