{"scale": 0.4999999452052336, "centroid": [0.0017295032739639282, -0.14617300033569336, -0.11809399724006653]}