{
    "scale": 0.494516053295611,
    "centroid": [
        0.0027395039796829224,
        0.0732474997639656,
        -0.06668850034475327
    ]
}