{"scale": 0.4999996963102454, "centroid": [-0.0023364946246147156, -0.11011748015880585, -0.09936549514532089]}