{
    "scale": 1.0497464087404595,
    "centroid": [
        -0.007879063487052917,
        -0.008031591773033142,
        -0.0009180903434753418
    ]
}