{"scale": 0.4943252047259443, "centroid": [0.0017475038766860962, -0.0013470053672790527, 0.0025740042328834534]}