{"scale": 0.5000001348323467, "centroid": [-0.003952503204345703, -0.0837635025382042, -0.0013049989938735962]}