{"scale": 0.5550883395590359, "centroid": [0.0004684925079345703, -0.00305899977684021, 0.005641505122184753]}