{"scale": 0.4517271271832273, "centroid": [0.007817506790161133, -0.015068501234054565, -0.044813498854637146]}