{"scale": 0.5078608427202891, "centroid": [0.0023449957370758057, -2.899765968322754e-05, 0.0019510090351104736]}