{
    "scale": 0.4473108247662662,
    "centroid": [
        0.041864991188049316,
        0.0997765064239502,
        -0.07770349830389023
    ]
}