{"scale": 0.5525348118242562, "centroid": [0.0013564974069595337, 0.001274988055229187, 0.002406507730484009]}