{"scale": 0.5201532312570587, "centroid": [0.0015795081853866577, -0.0025970041751861572, -0.0060485005378723145]}