{"scale": 0.47494015800328065, "centroid": [-4.991888999938965e-07, 0.09085249900817871, -0.01923699676990509]}