{"scale": 0.48864514563631134, "centroid": [0.0005600005388259888, -0.053933996707201004, 0.0014384984970092773]}