{"scale": 0.5000002465249549, "centroid": [0.00013049691915512085, 0.16145649552345276, -0.018669001758098602]}