{
    "scale": 1.1190931749344868,
    "centroid": [
        -0.007904738187789917,
        -0.016815006732940674,
        -0.007155671715736389
    ]
}