{"scale": 0.6024427095606004, "centroid": [0.0021445006132125854, -0.004450500011444092, -0.000957489013671875]}