{"scale": 0.4891358755791925, "centroid": [-6.496906280517578e-06, -0.03574749827384949, 0.016069501638412476]}