{"scale": 0.5001196691699021, "centroid": [-0.0005640089511871338, -0.001390010118484497, -0.003510504961013794]}