{"scale": 0.4296386230304206, "centroid": [0.0024364888668060303, 0.07471950352191925, 0.0009765028953552246]}