{
    "scale": 0.4883391011672431,
    "centroid": [
        -0.021615996956825256,
        0.01629599928855896,
        -0.0049304962158203125
    ]
}