{
    "scale": 1.1563503038074971,
    "centroid": [
        -0.007132247090339661,
        0.37394528090953827,
        -0.008220165967941284
    ]
}