{"scale": 0.4999996560406531, "centroid": [0.0, 0.0229480043053627, 0.0]}