{"scale": 0.49999985230865657, "centroid": [0.017855003476142883, -0.09839899837970734, -0.0003740042448043823]}