{"scale": 0.47102509883499516, "centroid": [3.0025839805603027e-06, 0.057257503271102905, 0.007021501660346985]}