{
    "scale": 0.4999997046782087,
    "centroid": [
        -0.00205250084400177,
        -0.04446250945329666,
        -0.002007998526096344
    ]
}