{"scale": 0.6649436497184149, "centroid": [0.00036600232124328613, 0.0013834983110427856, 0.002419993281364441]}