{"scale": 0.5325494886687424, "centroid": [0.0020944923162460327, 0.0006774961948394775, 0.005969494581222534]}