{"scale": 0.4916496659637848, "centroid": [1.0058283805847168e-06, 0.0832275003194809, -0.031076498329639435]}