{"scale": 0.40316923891287004, "centroid": [0.0033825039863586426, -0.19369950518012047, 0.0011394917964935303]}