{"scale": 0.5000000337361576, "centroid": [-0.002177998423576355, -0.014355510473251343, -0.07326650619506836]}