{"scale": 0.4371926777845841, "centroid": [0.00023649632930755615, -0.023744001984596252, -0.0037500038743019104]}