{"scale": 0.39011073630911175, "centroid": [-0.007636994123458862, -0.14261799305677414, -0.003533497452735901]}