{
    "scale": 0.4902871051871831,
    "centroid": [
        0.0007119923830032349,
        0.06534099578857422,
        -0.0012990012764930725
    ]
}