{"scale": 0.504301296893503, "centroid": [-0.0006940066814422607, 0.0019290000200271606, 0.003931999206542969]}