{"scale": 0.4836715482835629, "centroid": [-0.022006988525390625, -0.1305530034005642, -0.004578493535518646]}