{
    "scale": 1.0419164991982823,
    "centroid": [
        -0.009070709347724915,
        0.0031738877296447754,
        -0.004214838147163391
    ]
}