{
    "scale": 1.3378609125759153,
    "centroid": [
        -0.006752043962478638,
        -0.005293369293212891,
        0.1969091296195984
    ]
}