{"scale": 0.609587320810364, "centroid": [0.0020855069160461426, 0.0012335032224655151, 0.004249513149261475]}