{
    "scale": 1.4136973748304336,
    "centroid": [
        -0.006210118532180786,
        -0.011192768812179565,
        -0.007250547409057617
    ]
}