{"scale": 0.4916180253045505, "centroid": [-0.00010751187801361084, -0.08268900960683823, -0.04136200249195099]}