{"scale": 0.6868791524788505, "centroid": [0.0010260045528411865, -0.001543492078781128, 0.00102899968624115]}