{
    "scale": 1.2327141027404434,
    "centroid": [
        9.110569953918457e-05,
        -0.021017998456954956,
        -0.0093211829662323
    ]
}