{"scale": 0.49999984460255653, "centroid": [0.0, 0.021428503096103668, 0.0]}