{"scale": 0.4999998656606987, "centroid": [0.018439486622810364, 0.02871699631214142, 0.018040001392364502]}