{
    "scale": 1.099628099950045,
    "centroid": [
        -0.007176458835601807,
        -0.008478790521621704,
        -0.017552271485328674
    ]
}