{"scale": 0.48374379556340963, "centroid": [0.0008075088262557983, -0.00019550323486328125, 0.0071485042572021484]}