{"scale": 0.5933649471937631, "centroid": [-0.00040900707244873047, -0.0054714977741241455, -0.0011615008115768433]}