{
    "scale": 0.5000002737900359,
    "centroid": [
        0.01257699728012085,
        -0.04194699972867966,
        -0.02588050067424774
    ]
}