{"scale": 0.48081070308936663, "centroid": [-0.0011110007762908936, 0.0034850090742111206, 0.0032005012035369873]}