{"scale": 0.5136687558159578, "centroid": [-0.0001695007085800171, -0.00017099827527999878, -0.0006344914436340332]}