{"scale": 0.6869543413249111, "centroid": [0.0012814998626708984, 0.0038435012102127075, 0.0024139881134033203]}