{
    "scale": 1.000170307685716,
    "centroid": [
        -0.008344583213329315,
        -0.008239924907684326,
        -0.002460286021232605
    ]
}