{"scale": 0.5000000641531507, "centroid": [0.0, 0.09229349344968796, 0.0]}