{"scale": 0.5459109119935666, "centroid": [0.0011604875326156616, 0.0007894933223724365, 0.001847490668296814]}