{
    "scale": 1.186267106017793,
    "centroid": [
        -0.00848764181137085,
        -0.010185599327087402,
        -0.009058117866516113
    ]
}