{"scale": 0.4999996947660707, "centroid": [0.0, 0.09433449804782867, 0.0433414950966835]}