{"scale": 0.45631584085963106, "centroid": [-0.003858998417854309, -0.09265400469303131, 0.0008774995803833008]}