{"scale": 0.6174808843967996, "centroid": [-0.0010094940662384033, -0.002096503973007202, -0.0022034943103790283]}