{"scale": 0.3769931484798972, "centroid": [0.004004493355751038, -0.0438460037112236, -7.800757884979248e-05]}