{"scale": 0.498965289784118, "centroid": [-0.0027075037360191345, 0.001506999135017395, 0.003947004675865173]}