{"scale": 0.5850508311537191, "centroid": [0.0017969906330108643, 0.001342490315437317, 0.0038465112447738647]}