{"scale": 0.5785926001614827, "centroid": [-0.0014815032482147217, -0.0003504902124404907, -0.014273002743721008]}