{"scale": 0.4699282551830778, "centroid": [0.0007990002632141113, 0.0006105005741119385, 0.006633006036281586]}