{"scale": 0.5483579621692158, "centroid": [0.0010074973106384277, -0.0015005022287368774, -0.0007295012474060059]}