{"scale": 0.46959603930046756, "centroid": [0.0014809966087341309, -3.5017728805541992e-06, 0.0007594972848892212]}