{
    "scale": 1.0425948995292822,
    "centroid": [
        -0.008992418646812439,
        -0.008137613534927368,
        -0.01595805585384369
    ]
}