{
    "scale": 1.3040073259949445,
    "centroid": [
        -0.009377241134643555,
        -0.0493071973323822,
        -0.006496727466583252
    ]
}