{"scale": 0.5000000844193979, "centroid": [-0.004046991467475891, -0.08767899870872498, -0.04057949036359787]}