{
    "scale": 1.5604946637372834,
    "centroid": [
        0.013401001691818237,
        0.061321794986724854,
        -0.002759009599685669
    ]
}