{"scale": 0.49875656377094857, "centroid": [0.011118002235889435, 0.3134634867310524, 0.010916002094745636]}