{"scale": 0.6427276036351118, "centroid": [-0.0005125105381011963, -0.00124301016330719, 0.0007749944925308228]}