{
    "scale": 1.2048007266067768,
    "centroid": [
        -0.01235303282737732,
        -0.026156216859817505,
        -0.008091866970062256
    ]
}