{"scale": 0.5164538902492944, "centroid": [0.0011594891548156738, 0.008865498006343842, 0.0016649961471557617]}