{"scale": 0.5000001245519653, "centroid": [-0.00853399932384491, -0.010308489203453064, 0.054553501307964325]}