{"scale": 0.5000003695227939, "centroid": [0.0, 0.013374999165534973, 0.0]}