{
    "scale": 0.4907153289048024,
    "centroid": [
        -0.00040250271558761597,
        -0.03407950699329376,
        0.032472506165504456
    ]
}