{
    "scale": 0.5000002550343574,
    "centroid": [
        -0.002119988203048706,
        -0.08304800279438496,
        -0.006249509751796722
    ]
}