{"scale": 0.4728761449744537, "centroid": [0.002956993877887726, -0.0027839988470077515, -0.11418550461530685]}