{"scale": 0.4914017107582753, "centroid": [0.001368001103401184, -0.0136680006980896, -0.09110299497842789]}