{"scale": 0.46946145806525125, "centroid": [-0.0027874931693077087, 0.03930899500846863, -0.05444299429655075]}