{
    "scale": 0.4999998271097314,
    "centroid": [
        -0.05202700197696686,
        0.11423749662935734,
        -0.05144399404525757
    ]
}