{"scale": 0.48106247515161327, "centroid": [-0.004119008779525757, 0.02346201241016388, -0.02376299351453781]}