{"scale": 0.46344987636601004, "centroid": [-0.0010209977626800537, 0.05357300490140915, 0.07441600412130356]}