{
    "scale": 1.0007764088552469,
    "centroid": [
        -0.007902555167675018,
        -0.0087718665599823,
        -0.006790861487388611
    ]
}