{"scale": 0.5129958525547255, "centroid": [0.001328006386756897, -0.0008435100317001343, 0.003037497401237488]}