{"scale": 0.4893789547846563, "centroid": [0.0016655027866363525, -0.000947996973991394, 0.0026230067014694214]}