{"scale": 0.4504947949536269, "centroid": [0.0, 0.002025008201599121, 0.05083349347114563]}