{"scale": 0.48757671728446356, "centroid": [0.0, 0.03585049510002136, 0.02747650444507599]}