{"scale": 0.5166623018166175, "centroid": [0.0010675042867660522, 0.004962004721164703, 0.002986505627632141]}