{"scale": 0.6676218415263385, "centroid": [-0.00036400556564331055, -0.004554003477096558, 0.0006159991025924683]}