{"scale": 0.4999998365129608, "centroid": [0.00893750786781311, -0.07994799688458443, 0.012856006622314453]}