{"scale": 0.48095740878629045, "centroid": [-6.199628114700317e-05, 0.205873005092144, 0.011878490447998047]}