{"scale": 0.4884008371671621, "centroid": [0.0022079944610595703, 0.1239049956202507, -0.016864001750946045]}