{"scale": 0.4956118556497754, "centroid": [-0.0008009970188140869, 0.02039399743080139, 0.0004924982786178589]}