{
    "scale": 0.45721509803105953,
    "centroid": [
        0.0018135011196136475,
        0.03139200806617737,
        0.03228849172592163
    ]
}