{
    "scale": 1.288557252950136,
    "centroid": [
        -0.008773386478424072,
        -0.06844809651374817,
        -0.01611959934234619
    ]
}