{"scale": 0.5049086335326171, "centroid": [-0.0004305019974708557, -3.349781036376953e-05, -0.003135502338409424]}