{
    "scale": 0.4776372119892709,
    "centroid": [
        -0.00012999773025512695,
        -0.003675006330013275,
        0.0
    ]
}