{
    "scale": 1.2059024649850754,
    "centroid": [
        -0.010130614042282104,
        -0.009165406227111816,
        -0.00813990831375122
    ]
}