{
    "scale": 0.4833143492702121,
    "centroid": [
        -0.00318300724029541,
        -0.025263503193855286,
        -0.002817496657371521
    ]
}