{"scale": 0.4999997007680988, "centroid": [0.0, -0.05800050124526024, 0.0]}