{
    "scale": 1.1330683186317656,
    "centroid": [
        -0.007968008518218994,
        -0.0073632001876831055,
        -0.0032162144780158997
    ]
}