{"scale": 0.46285100749062047, "centroid": [-0.00109100341796875, -0.00035400688648223877, 0.00033699721097946167]}