{"scale": 0.49999941593539426, "centroid": [-0.00046549737453460693, -0.10531850904226303, -0.0669650062918663]}