{
    "scale": 0.49984433614809887,
    "centroid": [
        -0.010995492339134216,
        0.07629300653934479,
        -0.02330400049686432
    ]
}