{"scale": 0.4694775725274997, "centroid": [0.0018935054540634155, 0.00316600501537323, 0.0026534944772720337]}