{
    "scale": 0.41085196504321386,
    "centroid": [
        0.00018349289894104004,
        -0.23022500053048134,
        -0.0012470036745071411
    ]
}