{"scale": 0.48156484678681305, "centroid": [0.00046299397945404053, 0.009106002748012543, 0.0013210028409957886]}