{"scale": 0.4999998209005432, "centroid": [0.0, -0.03623099625110626, -1.5012919902801514e-06]}