{
    "scale": 1.1031742768258355,
    "centroid": [
        -0.007375389337539673,
        -0.009334534406661987,
        -0.013365507125854492
    ]
}