{
    "scale": 1.1043917445358755,
    "centroid": [
        -0.008717130869626999,
        -0.009998232126235962,
        -0.009410828351974487
    ]
}