{"scale": 0.6261068059480738, "centroid": [-0.0015224963426589966, 0.0005649924278259277, 0.002665996551513672]}