{
    "scale": 1.292885642810429,
    "centroid": [
        -0.00854983925819397,
        0.016065537929534912,
        -0.0076250843703746796
    ]
}