{"scale": 0.47982777030222923, "centroid": [0.001243501901626587, -0.00028850138187408447, 0.0034045055508613586]}