{"scale": 0.5969504320172307, "centroid": [0.00015050172805786133, -0.0007485002279281616, 0.0015144944190979004]}