{"scale": 0.4535426613635865, "centroid": [-0.0004985034465789795, 0.007763504981994629, -0.06622450053691864]}