{"scale": 0.4821079382576096, "centroid": [0.000970497727394104, -0.00022149831056594849, 0.005099497735500336]}