{
    "scale": 1.0581045340150321,
    "centroid": [
        -0.010087400674819946,
        -0.0064736828207969666,
        -0.007821381092071533
    ]
}