{"scale": 0.499999973689675, "centroid": [-4.917383193969727e-07, -0.0630434975028038, -5.498528480529785e-06]}