{
    "scale": 0.49999954350808923,
    "centroid": [
        -0.0063795000314712524,
        0.05751299858093262,
        0.014842994511127472
    ]
}