{
    "scale": 0.4807334465700775,
    "centroid": [
        -0.004606500267982483,
        0.008482001721858978,
        0.00023999810218811035
    ]
}