{
    "scale": 1.2919752908125701,
    "centroid": [
        -0.008704662322998047,
        -0.026036016643047333,
        -0.008655905723571777
    ]
}