{"scale": 0.49999977447326627, "centroid": [9.492039680480957e-06, -0.03896750509738922, 0.0021324902772903442]}