{"scale": 0.4902000852649586, "centroid": [-0.005736008286476135, 0.058113496750593185, 0.0014405101537704468]}