{
    "scale": 0.49999986964326565,
    "centroid": [
        -0.0008035004138946533,
        -0.008425004780292511,
        0.0001805126667022705
    ]
}