{"scale": 0.5754116742404882, "centroid": [-0.0002710074186325073, -0.0019275099039077759, 0.0005979984998703003]}