{"scale": 0.5822631978224868, "centroid": [0.0030069947242736816, -0.0025429874658584595, 0.00023850798606872559]}