{
    "scale": 1.4157941808975434,
    "centroid": [
        -0.0102272629737854,
        -0.008469551801681519,
        0.0029938220977783203
    ]
}