{"scale": 0.44703564577890104, "centroid": [-0.0025460124015808105, -0.029093995690345764, -0.02588849514722824]}