{"scale": 0.5228134811846749, "centroid": [0.0007935017347335815, -0.0014249980449676514, 0.0020634979009628296]}