{"scale": 0.4364189192116163, "centroid": [4.550069570541382e-05, -0.08770449459552765, -0.09207349270582199]}