{"scale": 0.4928159197025533, "centroid": [-0.0001055002212524414, 0.06005050241947174, -0.01156199723482132]}