{"scale": 0.5000000142541714, "centroid": [-0.000558994710445404, -0.12956498563289642, -0.11529050394892693]}