{
    "scale": 0.49804026390736145,
    "centroid": [
        0.00041100382804870605,
        -0.0773874968290329,
        -0.00707399845123291
    ]
}