{"scale": 0.6089035394712108, "centroid": [-0.0006325095891952515, 0.00236549973487854, 0.0010350048542022705]}