{"scale": 0.5060142227619735, "centroid": [0.0026139989495277405, 0.0009140074253082275, 0.0028544962406158447]}