{"scale": 0.5455597674445977, "centroid": [-0.00046299397945404053, 0.0024529993534088135, 0.001582503318786621]}