{
    "scale": 1.0488970825133985,
    "centroid": [
        -0.00885804370045662,
        -0.010971471667289734,
        -0.013650089502334595
    ]
}