{
    "scale": 1.006186935521358,
    "centroid": [
        -0.007927030324935913,
        -0.010256409645080566,
        -0.003989905118942261
    ]
}