{"scale": 0.4543489410157599, "centroid": [0.0027484968304634094, 0.08294300734996796, 0.002366006374359131]}