{"scale": 0.3944436335910464, "centroid": [0.0021984875202178955, 0.061158500611782074, 0.03339700400829315]}