{"scale": 0.593826698780819, "centroid": [0.0010049939155578613, -0.004038497805595398, 0.0039730072021484375]}