{
    "scale": 0.39818045236236127,
    "centroid": [
        -0.005523011088371277,
        0.02699999511241913,
        -0.0010620057582855225
    ]
}