{"scale": 0.5000001470624384, "centroid": [-0.012504994869232178, -0.06813199073076248, -0.005049504339694977]}