{"scale": 0.4966620166626534, "centroid": [-0.005399003624916077, -0.11256249621510506, -0.0012144967913627625]}