{"scale": 0.5165649560450393, "centroid": [0.00011049211025238037, 0.007809504866600037, 0.003117501735687256]}