{"scale": 0.5000005337032365, "centroid": [0.0, 0.02198299765586853, 0.0]}