{"scale": 0.4999997775689751, "centroid": [-0.005305498838424683, -0.07815100252628326, 0.003479495644569397]}