{"scale": 0.4874533752974988, "centroid": [-0.0006729960441589355, -0.02607099711894989, -0.020206503570079803]}