{"scale": 0.682757383840549, "centroid": [-3.999471664428711e-05, -0.00022299587726593018, 0.000223502516746521]}