{"scale": 0.5000000801830485, "centroid": [0.001650989055633545, -0.015131495893001556, -0.0008260011672973633]}