{"scale": 0.5095187615871355, "centroid": [-0.0013875067234039307, 0.0016334950923919678, 0.00040400028228759766]}