{
    "scale": 0.42423826726697395,
    "centroid": [
        -0.0002110004425048828,
        -0.00886949896812439,
        -0.04920550435781479
    ]
}