{
    "scale": 0.4690491382269463,
    "centroid": [
        5.066394805908203e-07,
        -0.003112494945526123,
        -0.051388002932071686
    ]
}