{"scale": 0.499999755251231, "centroid": [-0.009452998638153076, 0.015481501817703247, -0.004629999399185181]}