{"scale": 0.4544402682120516, "centroid": [-0.0006980001926422119, -0.002199500799179077, -0.0006494969129562378]}