{"scale": 0.3960149314623018, "centroid": [0.0004080086946487427, 0.003001496195793152, -0.015904501080513]}