{
    "scale": 0.3712452723409958,
    "centroid": [
        0.0030880123376846313,
        -0.01946200430393219,
        0.003126010298728943
    ]
}