{
    "scale": 0.4559587284594246,
    "centroid": [
        0.012769505381584167,
        0.011059999465942383,
        -0.00016849488019943237
    ]
}