{
    "scale": 0.4905305196862203,
    "centroid": [
        6.55055046081543e-05,
        -0.014430999755859375,
        -0.04658450186252594
    ]
}