{
    "scale": 1.2748162399917142,
    "centroid": [
        -0.018987596035003662,
        -0.008615314960479736,
        -0.0017831921577453613
    ]
}