{"scale": 0.6359970090380611, "centroid": [0.0002750009298324585, -0.00035549700260162354, -0.0004219859838485718]}