{"scale": 0.5022008837347232, "centroid": [0.0014420002698898315, 0.00234849750995636, 0.0018164962530136108]}