{"scale": 0.5819969988448936, "centroid": [-0.0005465000867843628, 0.0018080025911331177, 0.0027025043964385986]}