{"scale": 0.4999999118500718, "centroid": [0.0005239993333816528, -0.05098450183868408, 0.0005244985222816467]}