{"scale": 0.4071808624610447, "centroid": [4.917383193969727e-07, 0.0021844953298568726, 4.917383193969727e-07]}