{"scale": 0.5000002005308284, "centroid": [0.0006094872951507568, -0.010560497641563416, 0.17628350108861923]}