{
    "scale": 1.0402576522286326,
    "centroid": [
        -0.006787300109863281,
        -0.014041614718735218,
        -0.005633816123008728
    ]
}