{"scale": 0.4825789007463002, "centroid": [-0.002581000328063965, 0.04159649834036827, -0.05489000678062439]}