{"scale": 0.4764859768443356, "centroid": [-0.0023360103368759155, 0.002375498414039612, -0.002669498324394226]}