{"scale": 0.4920749852156156, "centroid": [0.00042450428009033203, 0.006595999002456665, 0.002910502254962921]}