{"scale": 0.4999998541571176, "centroid": [0.0, 0.047292500734329224, 0.025860995054244995]}