{
    "scale": 0.46237657264524207,
    "centroid": [
        -0.002745501697063446,
        0.02311350405216217,
        -0.044018007814884186
    ]
}