{"scale": 0.5000003610611593, "centroid": [-0.006346501410007477, 0.007514491677284241, -0.0269244983792305]}