{"scale": 0.4772938770440961, "centroid": [-0.00035649538040161133, -0.10740849375724792, -0.0491190031170845]}