{"scale": 0.3636420554419079, "centroid": [-9.98377799987793e-07, 0.013544999063014984, -1.0132789611816406e-06]}