{
    "scale": 1.160898869051309,
    "centroid": [
        -0.00530870258808136,
        -0.008455425500869751,
        -0.03111080825328827
    ]
}