{
    "scale": 1.0604087164332512,
    "centroid": [
        -0.0015548169612884521,
        -0.026612937450408936,
        -0.027127087116241455
    ]
}