{"scale": 0.49172476910699114, "centroid": [0.0023545026779174805, -0.10836100578308105, -0.09634850546717644]}