{
    "scale": 0.49620174524060184,
    "centroid": [
        0.004388496279716492,
        -0.09334050118923187,
        -0.11464749649167061
    ]
}