{
    "scale": 1.3051365559335122,
    "centroid": [
        -0.01105344295501709,
        -0.014496147632598877,
        -0.004624694585800171
    ]
}