{"scale": 0.5000000437542956, "centroid": [-0.002316996455192566, -0.06083899736404419, -0.056115008890628815]}