{
    "scale": 0.4946357925381326,
    "centroid": [
        0.0021834969520568848,
        0.06460250169038773,
        -0.06079600006341934
    ]
}