{"scale": 0.5088737285017538, "centroid": [0.004034005105495453, -0.0013240128755569458, 0.0016560032963752747]}