{"scale": 0.5467910339134507, "centroid": [0.001712501049041748, -0.00020100176334381104, 0.004911497235298157]}