{
    "scale": 0.9980628049154093,
    "centroid": [
        -0.008361145853996277,
        -0.007833242416381836,
        -0.006333023309707642
    ]
}