{
    "scale": 0.4669701625584176,
    "centroid": [
        0.006654992699623108,
        -0.06252700090408325,
        -0.06467549502849579
    ]
}