{
    "scale": 1.1232063378486643,
    "centroid": [
        -0.008710820227861404,
        -0.007997363805770874,
        -0.0072765052318573
    ]
}