{
    "scale": 0.5000001765065437,
    "centroid": [
        0.0014835000038146973,
        0.033359989523887634,
        -0.04603250324726105
    ]
}