{"scale": 0.45798268614165677, "centroid": [0.0006815046072006226, -0.026532500982284546, -0.08506299555301666]}