{"scale": 0.49106720492710604, "centroid": [1.9498169422149658e-05, -0.12652599811553955, -0.05601849406957626]}