{"scale": 0.5000001818454676, "centroid": [0.0036194920539855957, -0.04841850697994232, 0.03421300649642944]}