{"scale": 0.4722721133518279, "centroid": [-0.00015249848365783691, -0.16988199949264526, 0.012981995940208435]}