{"scale": 0.5994274495210306, "centroid": [0.00020150840282440186, 0.0004359930753707886, 0.0016119927167892456]}