{"scale": 0.4847542764557467, "centroid": [0.0008335039019584656, 0.05532848834991455, -0.019540995359420776]}