{"scale": 0.49831088765476955, "centroid": [0.00048100948333740234, -0.14155250042676926, 0.0002185031771659851]}