{
    "scale": 0.5000000963220257,
    "centroid": [
        -0.021669000387191772,
        -0.05301100015640259,
        0.06678099930286407
    ]
}