{
    "scale": 1.1523446168409337,
    "centroid": [
        -0.008433997631072998,
        -0.008267909288406372,
        -0.008732020854949951
    ]
}