{"scale": 0.5735664564409546, "centroid": [-0.0005774945020675659, -0.0006280094385147095, 0.0025865137577056885]}