{"scale": 0.49999994074245635, "centroid": [-0.0028685033321380615, -0.12942499667406082, -0.12572500109672546]}