{
    "scale": 0.4992508771885768,
    "centroid": [
        0.001703999936580658,
        -0.11204150319099426,
        -0.011685997247695923
    ]
}