{
    "scale": 0.4776360857101844,
    "centroid": [
        -0.011611998081207275,
        -0.057079002261161804,
        -0.1337990052998066
    ]
}