{
    "scale": 0.48553360410099516,
    "centroid": [
        0.0006659999489784241,
        0.03160750865936279,
        -0.07425999641418457
    ]
}