{"scale": 0.673680412618197, "centroid": [-0.00043150782585144043, 0.00012999773025512695, -0.0003330111503601074]}