{"scale": 0.5338548847608955, "centroid": [-0.0014270097017288208, 3.199279308319092e-05, -0.0006715059280395508]}