{"scale": 0.5000001456381952, "centroid": [-0.021242499351501465, -0.02360999584197998, -0.07833750545978546]}