{"scale": 0.49999988468736306, "centroid": [0.010294005274772644, 0.025241505354642868, 0.0010574981570243835]}