{"scale": 0.47869176653899315, "centroid": [0.026897013187408447, -0.03555900231003761, -0.006426498293876648]}