{"scale": 0.613746782640318, "centroid": [-0.0002875030040740967, 0.0007275044918060303, 0.0038805007934570312]}