{
    "scale": 0.9842174200638176,
    "centroid": [
        -0.0077328551560640335,
        -0.009002357721328735,
        -0.010859623551368713
    ]
}