{
    "scale": 0.48427375328519195,
    "centroid": [
        -0.013521000742912292,
        -0.09891399927437305,
        0.0041389986872673035
    ]
}