{"scale": 0.4653265367885469, "centroid": [-0.0015615075826644897, 0.008806996047496796, -0.021734006702899933]}