{
    "scale": 1.0499559308728958,
    "centroid": [
        -0.008683860301971436,
        -0.00573362410068512,
        -0.010296344757080078
    ]
}