{
    "scale": 0.46278458620310664,
    "centroid": [
        7.550418376922607e-05,
        -0.056049495935440063,
        8.799135684967041e-05
    ]
}