{"scale": 0.5000000515567475, "centroid": [-0.06398500502109528, -0.04126399755477905, -0.038486987352371216]}