{"scale": 0.4839064470702257, "centroid": [0.0037804991006851196, -0.168699000030756, 0.001565001904964447]}