{
    "scale": 0.48197083691688886,
    "centroid": [
        0.0,
        0.0750579982995987,
        -0.02872699499130249
    ]
}