{"scale": 0.5000000202756173, "centroid": [0.007784992456436157, -0.14130299538373947, 0.1822114959359169]}