{
    "scale": 1.000729038581319,
    "centroid": [
        -0.008776068687438965,
        -0.008389502763748169,
        -0.009649783372879028
    ]
}