{"scale": 0.4393114043433601, "centroid": [0.0024790018796920776, 0.0010984987020492554, 0.001191500574350357]}