{"scale": 0.4942717560761233, "centroid": [-0.001117996871471405, -0.0032854974269866943, 0.004528999328613281]}