{"scale": 0.4623574389198847, "centroid": [0.0012455135583877563, 0.00750800222158432, 0.0026585012674331665]}