{
    "scale": 1.0575925692365378,
    "centroid": [
        -0.0057328492403030396,
        -0.008580386638641357,
        -0.008255809545516968
    ]
}