{"scale": 0.5446347602311905, "centroid": [0.0027529895305633545, 0.0008994936943054199, 0.002222001552581787]}