{"scale": 0.4999999623893041, "centroid": [5.066394805908203e-07, 0.021358497440814972, 0.0]}