{"scale": 0.5231957598664477, "centroid": [0.00030300021171569824, 0.005401000380516052, 0.002884998917579651]}