{
    "scale": 1.149525858986832,
    "centroid": [
        -0.025160789489746094,
        -0.009083174169063568,
        -0.007833510637283325
    ]
}