{
    "scale": 0.47520388907013217,
    "centroid": [
        0.0015455037355422974,
        0.01272900402545929,
        0.01683199405670166
    ]
}