{
    "scale": 0.3743261193422628,
    "centroid": [
        1.4007091522216797e-05,
        -0.024884000420570374,
        0.0012664943933486938
    ]
}