{"scale": 0.634041480446169, "centroid": [0.003916993737220764, 0.009003505110740662, -0.0004355013370513916]}