{"scale": 0.4337753525296062, "centroid": [-0.0014874935150146484, -0.10808299481868744, -0.0530255064368248]}