{
    "scale": 0.49999998723632016,
    "centroid": [
        0.0001064985990524292,
        -0.07280150055885315,
        0.045767009258270264
    ]
}