{
    "scale": 1.1802566961063292,
    "centroid": [
        -0.043663784861564636,
        -0.008604109287261963,
        0.0003337264060974121
    ]
}