{"scale": 0.477680638451894, "centroid": [0.00044049322605133057, 0.002419501543045044, 0.0026364997029304504]}