{"scale": 0.5511447411188898, "centroid": [0.002343505620956421, -0.00029750168323516846, -0.006292998790740967]}