{"scale": 0.4564065667835278, "centroid": [4.917383193969727e-07, 0.018127501010894775, 0.0006024986505508423]}