{"scale": 0.6044671387100155, "centroid": [0.0007819980382919312, 0.003063000738620758, -0.0035614967346191406]}