{
    "scale": 0.990400848566689,
    "centroid": [
        -0.00802931934595108,
        -0.0066814422607421875,
        -0.012189149856567383
    ]
}