{
    "scale": 0.49186047501539726,
    "centroid": [
        0.004797995090484619,
        0.019400499761104584,
        0.005667492747306824
    ]
}