{
    "scale": 1.1368300765783672,
    "centroid": [
        -0.008210986852645874,
        -0.03208017349243164,
        0.008530408143997192
    ]
}