{
    "scale": 1.01434756302636,
    "centroid": [
        -0.008869826793670654,
        -0.009068697690963745,
        -0.00895380973815918
    ]
}