{
    "scale": 1.0157106912846707,
    "centroid": [
        -0.008055061101913452,
        -0.030448466539382935,
        -0.007272452116012573
    ]
}