{
    "scale": 1.4501784370943187,
    "centroid": [
        -0.012355417013168335,
        -0.007836982607841492,
        0.0018887221813201904
    ]
}