{"scale": 0.49999978515196486, "centroid": [-0.0002734959125518799, 0.145456001162529, -0.02181050181388855]}