{"scale": 0.5173825314402379, "centroid": [0.0016525089740753174, -0.0017144978046417236, -0.001328989863395691]}