{
    "scale": 1.0596594755641031,
    "centroid": [
        -0.0028684139251708984,
        0.042221277952194214,
        0.013669095933437347
    ]
}