{"scale": 0.5861368665339115, "centroid": [0.00029200315475463867, 0.0006739944219589233, -0.0007299929857254028]}