{"scale": 0.4602973648426165, "centroid": [0.0025105029344558716, 0.0007970035076141357, -5.8002769947052e-05]}