{
    "scale": 1.0094167764369857,
    "centroid": [
        -0.008765146136283875,
        -0.008547917008399963,
        -0.011999011039733887
    ]
}