{"scale": 0.5000001938347587, "centroid": [0.01394200325012207, -0.0638895034790039, 0.0010124966502189636]}