{"scale": 0.5419552367751818, "centroid": [0.0016560107469558716, -0.0013829916715621948, 0.0005169957876205444]}