{"scale": 0.5695163202866858, "centroid": [0.0016570091247558594, 0.002673998475074768, 0.0004080086946487427]}