{"scale": 0.4592576054504897, "centroid": [-9.98377799987793e-07, 0.03312499821186066, -0.012121006846427917]}