{"scale": 0.7006788161691915, "centroid": [0.0019215047359466553, 0.002142995595932007, 0.0014320015907287598]}