{"scale": 0.38561902206312726, "centroid": [1.3500452041625977e-05, -0.010610997676849365, 1.849234104156494e-05]}