{"scale": 0.5429550648049255, "centroid": [-0.000675007700920105, 0.0016134977340698242, 0.002191007137298584]}