{"scale": 0.5000001503008669, "centroid": [-0.11672799289226532, -0.06455249339342117, 0.18675000313669443]}