{"scale": 0.4825848518277373, "centroid": [0.0007079914212226868, -9.350478649139404e-05, 0.0023225024342536926]}