{"scale": 0.40073642185574215, "centroid": [-0.005607500672340393, -0.12488950043916702, 0.003049999475479126]}