{
    "scale": 1.0914576894838377,
    "centroid": [
        -0.008164465427398682,
        -0.004056334495544434,
        -0.008149340748786926
    ]
}