{"scale": 0.4476289146185829, "centroid": [0.0035710036754608154, 0.03777898848056793, -0.042619504034519196]}