{"scale": 0.36785113170227735, "centroid": [-2.995133399963379e-06, 0.010826997458934784, -2.995133399963379e-06]}