{
    "scale": 0.4554398663229022,
    "centroid": [
        0.0,
        -0.011214494705200195,
        0.028382502496242523
    ]
}