{"scale": 0.47757876062927157, "centroid": [0.0015839934349060059, -0.0010209977626800537, 0.0013294965028762817]}