{"scale": 0.4999995828260148, "centroid": [0.026724494993686676, 0.052130505442619324, -0.058281995356082916]}