{"scale": 0.4840715978308737, "centroid": [-0.0013024955987930298, -0.0019070059061050415, 0.0037354975938796997]}