{
    "scale": 0.5000001263642535,
    "centroid": [
        5.066394805908203e-07,
        0.14278800785541534,
        -0.0170229971408844
    ]
}