{"scale": 0.5411907933737364, "centroid": [-0.000639006495475769, -0.0012065023183822632, 0.005348995327949524]}