{"scale": 0.4999999354885714, "centroid": [0.00341150164604187, -0.06972649693489075, -0.059142500162124634]}