{"scale": 0.6166113120936144, "centroid": [0.0015330016613006592, 0.006208494305610657, 0.00482448935508728]}