{"scale": 0.47371850311997854, "centroid": [-0.001184999942779541, -0.007978007197380066, -0.09401699155569077]}