{"scale": 0.4984128016091119, "centroid": [0.001149490475654602, -0.038745999336242676, 0.004813499748706818]}