{"scale": 0.4891317792058983, "centroid": [-0.00015450268983840942, 0.0011295080184936523, 0.0017104968428611755]}