{"scale": 0.4888201642610767, "centroid": [0.005729004740715027, -0.024352997541427612, -0.000639498233795166]}