{"scale": 0.46368151352480164, "centroid": [0.0009024962782859802, 0.0006769895553588867, 0.0008220002055168152]}