{"scale": 0.5943716987384268, "centroid": [0.0015224963426589966, 0.0007190033793449402, 0.0032664984464645386]}