{"scale": 0.5793326669772654, "centroid": [-0.0012289881706237793, -0.0015669912099838257, 0.008058011531829834]}