{
    "scale": 1.137796494490953,
    "centroid": [
        -0.008513152599334717,
        -0.005503475666046143,
        -0.009103000164031982
    ]
}