{"scale": 0.49999982018766403, "centroid": [0.0, 0.019443504512310028, 0.0]}