{"scale": 0.47604750571148025, "centroid": [0.00042250752449035645, 0.0034464970231056213, 0.0023729950189590454]}