{"scale": 0.4555231815070417, "centroid": [3.400444984436035e-05, 0.10529250651597977, -0.027460001409053802]}