{"scale": 0.6034719456680283, "centroid": [0.0013184994459152222, 0.002925500273704529, 9.500980377197266e-05]}