{
    "scale": 0.38441651432305224,
    "centroid": [
        0.001565009355545044,
        0.014394499361515045,
        0.0015845000743865967
    ]
}