{"scale": 0.5239298667083554, "centroid": [-2.600252628326416e-05, -0.0014949887990951538, -0.0003190040588378906]}