{
    "scale": 0.9970682768130336,
    "centroid": [
        -0.015945665538311005,
        -0.0038848742842674255,
        -0.007793009281158447
    ]
}