{"scale": 0.4588888037727802, "centroid": [0.000634998083114624, -0.001614004373550415, 0.0025284960865974426]}