{
    "scale": 1.1005072042112278,
    "centroid": [
        -0.007982015609741211,
        -0.010950744152069092,
        0.010174214839935303
    ]
}