{"scale": 0.5000001877332013, "centroid": [0.008672505617141724, -0.10550599917769432, 0.05492500960826874]}