{"scale": 0.5408045431535821, "centroid": [0.0012445002794265747, -0.002387508749961853, 0.0027029961347579956]}