{"scale": 0.4992326771781888, "centroid": [-0.0026004984974861145, -0.0016420036554336548, 0.0027569979429244995]}