{"scale": 0.3902515970485588, "centroid": [0.0016610026359558105, 0.007536493241786957, -0.0025430023670196533]}