{
    "scale": 1.0119121827116186,
    "centroid": [
        -0.008593708276748657,
        -0.008877433836460114,
        -0.00866071879863739
    ]
}