{"scale": 0.5996344234196881, "centroid": [0.0006585121154785156, 0.0037845075130462646, 9.506940841674805e-06]}