{"scale": 0.49826196960048946, "centroid": [-0.00018650293350219727, -0.07221099734306335, 0.019602008163928986]}