{"scale": 0.5210914684567213, "centroid": [-0.002146497368812561, 0.0034459978342056274, 0.003819495439529419]}