{"scale": 0.44993020819444324, "centroid": [0.00639750063419342, -0.08851949125528336, -0.123136505484581]}