{
    "scale": 1.1928880127188197,
    "centroid": [
        -0.01667475700378418,
        -0.009430542588233948,
        -0.0027762651443481445
    ]
}