{
    "scale": 1.4109103745751106,
    "centroid": [
        -0.012752264738082886,
        -0.032927364110946655,
        -0.11625930666923523
    ]
}