{"scale": 0.5983371389805777, "centroid": [0.0032224953174591064, -0.001627013087272644, 0.00010050833225250244]}