{"scale": 0.4978593075728242, "centroid": [0.0007764995098114014, 0.0008659958839416504, 0.004616998136043549]}