{"scale": 0.49535621553227993, "centroid": [0.007722005248069763, 0.039250001311302185, 0.032373495399951935]}