{
    "scale": 0.4486757960847961,
    "centroid": [
        -0.007490009069442749,
        0.01907949149608612,
        -0.03751350939273834
    ]
}