{"scale": 0.5223161112117735, "centroid": [0.0013180077075958252, -0.0014474987983703613, -0.0013305023312568665]}