{"scale": 0.48793626682994473, "centroid": [0.0012930035591125488, -0.03172549605369568, -5.249679088592529e-05]}