{"scale": 0.4884182925569917, "centroid": [-0.0003674924373626709, -0.013805501163005829, 0.004644505679607391]}