{"scale": 0.37297087938233836, "centroid": [-0.0011384934186935425, -0.042265500873327255, -0.000769004225730896]}