{
    "scale": 1.0059113563908844,
    "centroid": [
        -0.008923500776290894,
        -0.008701443672180176,
        -0.006073478609323502
    ]
}