{"scale": 0.6813692549078229, "centroid": [0.0015420019626617432, -0.0005059987306594849, 0.0023805052042007446]}