{"scale": 0.4939082649376008, "centroid": [0.011553511023521423, 0.1295354887843132, 0.01001100242137909]}