{"scale": 0.6516059606745289, "centroid": [0.00013400614261627197, -0.0011679977178573608, -0.0012039989233016968]}