{"scale": 0.669341584726037, "centroid": [-0.00042600929737091064, -0.0010235011577606201, -0.00035649538040161133]}