{
    "scale": 1.1830594643859904,
    "centroid": [
        -0.008549600839614868,
        -0.008982092142105103,
        -0.0005327463150024414
    ]
}