{"scale": 0.4442455979986999, "centroid": [0.0013940036296844482, 0.0005304962396621704, 0.0011544972658157349]}