{"scale": 0.5000003080898725, "centroid": [0.012000001966953278, 0.002186998724937439, -0.016710996627807617]}