{"scale": 0.4785739604135168, "centroid": [0.07759000360965729, -0.009686499834060669, -0.06446300446987152]}