{"scale": 0.4994453100773925, "centroid": [-0.0038710013031959534, 0.06662450730800629, -0.06066899746656418]}