{
    "scale": 1.0878454177647803,
    "centroid": [
        -0.008866727352142334,
        -0.008490294218063354,
        -0.013462036848068237
    ]
}