{"scale": 0.4999999427088334, "centroid": [0.010080009698867798, -0.011135995388031006, 0.003707505762577057]}