{"scale": 0.46436807373507505, "centroid": [0.0009249895811080933, -0.0017824992537498474, 0.0014735013246536255]}