{
    "scale": 0.4811158779926183,
    "centroid": [
        -1.150369644165039e-05,
        -0.11762549728155136,
        5.050003528594971e-05
    ]
}