{"scale": 0.5037519326818396, "centroid": [0.0010479986667633057, 0.0020324960350990295, 0.0032279938459396362]}