{"scale": 0.4953725674488596, "centroid": [0.0006240010261535645, 0.15609349310398102, -5.000084638595581e-05]}