{
    "scale": 1.0193983393674637,
    "centroid": [
        -0.007812738418579102,
        -0.008538030087947845,
        -0.00871586799621582
    ]
}