{"scale": 0.483200877801524, "centroid": [0.0003705024719238281, 0.08247749507427216, -0.00017049908638000488]}