{
    "scale": 1.0928408006388928,
    "centroid": [
        -0.008961513638496399,
        -0.010639607906341553,
        -0.004760630428791046
    ]
}