{"scale": 0.4734054044156767, "centroid": [0.0026675015687942505, 0.0003869980573654175, 0.003733500838279724]}