{"scale": 0.48351019271430196, "centroid": [-0.0009084939956665039, 0.014983996748924255, -0.04412049055099487]}