{
    "scale": 0.4130969120722454,
    "centroid": [
        0.0,
        0.02228701114654541,
        0.004419490694999695
    ]
}