{"scale": 0.481951911521191, "centroid": [0.0006400048732757568, 0.03320498764514923, 0.04321849346160889]}