{"scale": 0.5000001065406765, "centroid": [-4.917383193969727e-07, -0.042135998606681824, 4.917383193969727e-07]}