{"scale": 0.4839404816550477, "centroid": [-0.0009419918060302734, -0.006131000816822052, -6.899982690811157e-05]}