{"scale": 0.49999990856199, "centroid": [0.0034369975328445435, -0.013999000191688538, -0.010589003562927246]}