{
    "scale": 1.1298524571186321,
    "centroid": [
        -0.0035743415355682373,
        0.00918009877204895,
        -0.018272846937179565
    ]
}