{"scale": 0.46286160070361626, "centroid": [-0.0028454959392547607, -0.1423349827528, -0.11908400431275368]}