{"scale": 0.49999997551211345, "centroid": [-0.0004274994134902954, -0.025018498301506042, -0.07130450010299683]}