{
    "scale": 1.252763545000245,
    "centroid": [
        0.005929738283157349,
        -0.007881700992584229,
        -0.022056549787521362
    ]
}