{"scale": 0.5531190283116316, "centroid": [0.00012749433517456055, 0.0010605007410049438, 0.002996504306793213]}