{"scale": 0.6020903645998598, "centroid": [0.0007995069026947021, 0.0011394992470741272, 0.0026559978723526]}