{
    "scale": 1.0502802983423452,
    "centroid": [
        -0.008567467331886292,
        -0.006413102149963379,
        0.00993277132511139
    ]
}