{"scale": 0.4999998309216079, "centroid": [0.0, 0.023764505982398987, 0.0]}