{"scale": 0.5000000856125217, "centroid": [0.005949005484580994, 0.025301501154899597, -0.0029180049896240234]}