{
    "scale": 0.5000000616691183,
    "centroid": [
        -0.002400502562522888,
        -0.014477498829364777,
        0.0013824999332427979
    ]
}