{"scale": 0.42850729143953453, "centroid": [-7.749348878860474e-05, -0.032964497804641724, 5.949288606643677e-05]}