{
    "scale": 0.49999992956560374,
    "centroid": [
        0.02491600811481476,
        -0.02956400066614151,
        0.0007834956049919128
    ]
}