{
    "scale": 0.4678886306853881,
    "centroid": [
        -0.0012135058641433716,
        -0.04686799645423889,
        -0.02832050621509552
    ]
}