{"scale": 0.4999998961623576, "centroid": [0.08114948868751526, -0.024187996983528137, 0.034512996673583984]}