{
    "scale": 0.49609498643118394,
    "centroid": [
        -7.249414920806885e-05,
        0.06589850038290024,
        -0.014351502060890198
    ]
}