{
    "scale": 1.0978386823514317,
    "centroid": [
        -0.00884026288986206,
        -0.010063618421554565,
        -0.00804215669631958
    ]
}