{"scale": 0.46921764560854123, "centroid": [0.0012015029788017273, 0.0012290030717849731, 0.002293005585670471]}