{"scale": 0.5146111207125206, "centroid": [0.0004914999008178711, -0.001516498625278473, -0.00028449296951293945]}