{"scale": 0.4824392957578787, "centroid": [0.009511001408100128, -0.08117151260375977, -0.06797699630260468]}