{"scale": 0.6974921765311156, "centroid": [0.0009869933128356934, 0.0010119974613189697, 0.0009259879589080811]}