{"scale": 0.4949692515330938, "centroid": [0.02310049533843994, -0.12256799638271332, -0.03148449957370758]}