{
    "scale": 0.4591674586063666,
    "centroid": [
        -0.0012930035591125488,
        0.027950003743171692,
        -0.03641999512910843
    ]
}