{
    "scale": 1.295084831783562,
    "centroid": [
        -0.00875002145767212,
        -0.007827132940292358,
        -0.006802260875701904
    ]
}