{
    "scale": 1.1696286045800124,
    "centroid": [
        -0.06401124596595764,
        -0.008913695812225342,
        -0.011488616466522217
    ]
}