{"scale": 0.48402083472641166, "centroid": [0.0012314990162849426, 0.10733050107955933, -0.0029925107955932617]}