{"scale": 0.4996799863806628, "centroid": [0.0004259943962097168, -0.04131200164556503, -0.0012860000133514404]}