{"scale": 0.42284609559471165, "centroid": [-0.0013144910335540771, -0.07082150876522064, -0.00029098987579345703]}