{
    "scale": 1.0606901062841991,
    "centroid": [
        -0.008170783519744873,
        -0.008803099393844604,
        -0.011862337589263916
    ]
}