{"scale": 0.5840409437746152, "centroid": [0.0017630010843276978, -0.001109495759010315, -0.0057575032114982605]}