{"scale": 0.4999997975087503, "centroid": [0.0007410049438476562, -0.11427999660372734, -0.09837049432098866]}