{"scale": 0.47010611299326355, "centroid": [0.0095750093460083, -0.030684001743793488, 0.0011235028505325317]}