{"scale": 0.49074917561623105, "centroid": [-0.018031001091003418, -0.060733504593372345, 0.09498549625277519]}