{"scale": 0.4863884971515127, "centroid": [7.0035457611083984e-06, 0.02945399284362793, -0.04212900996208191]}