{"scale": 0.46071775565108425, "centroid": [-0.0011635124683380127, 0.02189299464225769, -0.12142350524663925]}