{"scale": 0.500000391680972, "centroid": [-0.00451350212097168, 0.22589851170778275, -0.00036000460386276245]}