{
    "scale": 0.4968384110175788,
    "centroid": [
        0.01022350788116455,
        -0.01481899619102478,
        0.007471494376659393
    ]
}