{"scale": 0.43684009168633153, "centroid": [-0.0002110004425048828, -0.029340997338294983, -0.051619499921798706]}