{"scale": 0.49999953284835424, "centroid": [0.0, -0.03239299729466438, 0.0]}