{
    "scale": 1.6584858445250492,
    "centroid": [
        -0.014392048120498657,
        0.06442269682884216,
        -0.009101063013076782
    ]
}