{
    "scale": 0.5000002691351704,
    "centroid": [
        0.0016425028443336487,
        -0.17840251326560974,
        -0.11746800318360329
    ]
}