{"scale": 0.4754971528201561, "centroid": [0.0054804980754852295, 0.13095000386238098, -0.031787507236003876]}