{"scale": 0.48542697405933183, "centroid": [-0.0009330064058303833, -0.005136504769325256, -0.016013003885746002]}