{
    "scale": 1.004166518933932,
    "centroid": [
        -0.01247638463973999,
        -0.007840752601623535,
        -0.0041925907135009766
    ]
}