{
    "scale": 1.20567855619102,
    "centroid": [
        -0.005600929260253906,
        -0.008212640881538391,
        -0.005109190940856934
    ]
}