{"scale": 0.45800194798180394, "centroid": [0.003192499279975891, -0.027975499629974365, -0.02926100790500641]}