{"scale": 0.47726474097461413, "centroid": [-0.0034734979271888733, -0.001560986042022705, 0.003169998526573181]}