{
    "scale": 0.49999986799322915,
    "centroid": [
        0.02612949162721634,
        -0.008067995309829712,
        -0.0006070062518119812
    ]
}