{"scale": 0.4896705997514236, "centroid": [7.849931716918945e-05, 0.041055500507354736, 0.04848300665616989]}