{"scale": 0.48998423964615534, "centroid": [-0.0021894946694374084, 0.013165995478630066, 0.008718498051166534]}