{"scale": 0.48604336919187247, "centroid": [0.002101987600326538, -0.003654003143310547, 0.0029620081186294556]}