{
    "scale": 1.019563627434544,
    "centroid": [
        -0.008927300572395325,
        0.004581369459629059,
        -0.008703559637069702
    ]
}