{"scale": 0.4999996658656792, "centroid": [0.0, -0.16608449816703796, -0.1006464958190918]}