{
    "scale": 1.257410114222892,
    "centroid": [
        -0.00785931944847107,
        -0.0023217201232910156,
        -0.3442823141813278
    ]
}