{"scale": 0.5726064996024665, "centroid": [0.001771494746208191, 0.0029000043869018555, 0.0014559924602508545]}