{
    "scale": 0.4678200991026921,
    "centroid": [
        0.0001100003719329834,
        0.05868800729513168,
        -0.10498299449682236
    ]
}