{"scale": 0.5796076304550418, "centroid": [-0.00010401010513305664, 0.002142488956451416, 0.0018350034952163696]}