{"scale": 0.4790740158996111, "centroid": [0.0009115040302276611, -0.1130945086479187, -0.06152600795030594]}