{"scale": 0.6860545915291114, "centroid": [1.6510486602783203e-05, 0.001833498477935791, -0.00048148632049560547]}