{"scale": 0.5903778425690317, "centroid": [-0.0010664910078048706, -0.001135513186454773, -6.599724292755127e-05]}