{"scale": 0.4713970247079962, "centroid": [-1.300126314163208e-05, 0.024570494890213013, -0.038865506649017334]}