{"scale": 0.5006818362108253, "centroid": [-0.0010085031390190125, 0.00024649500846862793, 0.004623003304004669]}