{"scale": 0.500000198384341, "centroid": [-0.0012129992246627808, -0.16037150844931602, 0.0006984993815422058]}