{"scale": 0.5000001691164254, "centroid": [-0.005437001585960388, -0.09163600206375122, 0.003381498157978058]}