{"scale": 0.552420453849198, "centroid": [-0.0016564875841140747, 0.00045949220657348633, -0.00035549700260162354]}