{"scale": 0.5885398953819206, "centroid": [0.0008155107498168945, 0.00011949986219406128, -2.995133399963379e-06]}