{"scale": 0.4999996381157655, "centroid": [0.005285993218421936, -0.012140005826950073, -0.04428650438785553]}