{"scale": 0.5610980278826295, "centroid": [0.0011309981346130371, -0.00019749999046325684, 0.003636002540588379]}