{"scale": 0.6513487906020374, "centroid": [6.799399852752686e-05, 0.03472200036048889, -0.003017991781234741]}