{"scale": 0.5238744727939186, "centroid": [0.0016614943742752075, 0.0012089982628822327, 0.0037979930639266968]}