{"scale": 0.6693848927371705, "centroid": [0.0004879981279373169, 0.0001765042543411255, -0.004066005349159241]}