{
    "scale": 0.4474258143573997,
    "centroid": [
        -0.0022064968943595886,
        0.08853098750114441,
        -0.004717506468296051
    ]
}