{
    "scale": 1.1638362215075795,
    "centroid": [
        -0.009625852108001709,
        -0.007820233702659607,
        -0.011471360921859741
    ]
}