{"scale": 0.45828184508483993, "centroid": [0.0004895031452178955, 0.0002800002694129944, 0.0029945001006126404]}