{"scale": 0.5706590938967775, "centroid": [0.0021090060472488403, 0.0030379891395568848, -0.001073494553565979]}