{
    "scale": 0.46523990378322516,
    "centroid": [
        0.001051001250743866,
        0.10457849502563477,
        -0.019641995429992676
    ]
}