{
    "scale": 0.4890933422920592,
    "centroid": [
        0.003055006265640259,
        0.1655610054731369,
        -0.021782495081424713
    ]
}