{"scale": 0.5061961111315778, "centroid": [0.0014495030045509338, 0.001332998275756836, 0.0024624988436698914]}