{"scale": 0.5485328701558294, "centroid": [0.0013920068740844727, -0.0014369934797286987, -0.0013289973139762878]}