{"scale": 0.44784319794585564, "centroid": [0.00013400614261627197, -0.0019914954900741577, 0.0013849884271621704]}