{
    "scale": 1.038288262215321,
    "centroid": [
        -0.008245930075645447,
        -0.007183641195297241,
        -0.009096994996070862
    ]
}