{
    "scale": 0.49468713080953725,
    "centroid": [
        0.0032574981451034546,
        0.07131750136613846,
        0.0013154968619346619
    ]
}