{"scale": 0.499999664152506, "centroid": [0.002392008900642395, -0.06040699779987335, -0.004687003791332245]}