{"scale": 0.5236764724757537, "centroid": [0.0018540024757385254, 0.000272504985332489, 0.0008545070886611938]}