{"scale": 0.5628379599452283, "centroid": [0.0007455050945281982, 0.004269987344741821, 0.0017479956150054932]}