{"scale": 0.5000001182043978, "centroid": [0.0, -0.13892999291419983, 0.15117450058460236]}