{"scale": 0.48650860526254197, "centroid": [0.001247495412826538, 0.00035199522972106934, 0.0021814927458763123]}