{
    "scale": 0.9975849147089169,
    "centroid": [
        -0.008755413815379143,
        -0.0061896443367004395,
        -0.008391715586185455
    ]
}