{"scale": 0.5000000909994956, "centroid": [-0.0006889998912811279, 0.1591625213623047, -0.004954501986503601]}