{"scale": 0.5000000684547503, "centroid": [0.0, 0.05377750098705292, 0.0]}