{"scale": 0.3829872950400614, "centroid": [0.007947489619255066, -0.11043299734592438, -0.005053997039794922]}