{"scale": 0.49999984537002745, "centroid": [3.349781036376953e-05, -0.03133000433444977, 0.0]}