{"scale": 0.5617500745564767, "centroid": [0.0005140006542205811, 0.0010944902896881104, 0.002548500895500183]}