{"scale": 0.4999998583888787, "centroid": [0.003152504563331604, -0.05689900368452072, 0.03182649612426758]}