{"scale": 0.5749070554747677, "centroid": [0.0012370049953460693, 0.001543000340461731, 0.032694995403289795]}