{
    "scale": 1.023707320792947,
    "centroid": [
        -0.00804564356803894,
        -0.008934319019317627,
        -0.008497476577758789
    ]
}