{"scale": 0.4955033073937337, "centroid": [0.0004789978265762329, -0.20807599648833275, 0.009395502507686615]}