{"scale": 0.499468832847289, "centroid": [-0.004997506737709045, -0.08403449133038521, 0.0]}