{"scale": 0.5747043296921921, "centroid": [-0.0006200075149536133, 0.0009950101375579834, 0.0021975040435791016]}