{
    "scale": 0.4161887564125152,
    "centroid": [
        5.066394805908203e-07,
        0.03924500197172165,
        0.0016700029373168945
    ]
}