{
    "scale": 0.37849925813770924,
    "centroid": [
        3.4868717193603516e-06,
        -0.17371300514787436,
        0.0011439919471740723
    ]
}