{"scale": 0.58209987519908, "centroid": [0.0010669976472854614, -0.00014699995517730713, 0.00497649610042572]}