{
    "scale": 0.9992790623522424,
    "centroid": [
        -0.008420795202255249,
        -0.007992058992385864,
        -0.006882630288600922
    ]
}