{
    "scale": 1.168126680435545,
    "centroid": [
        -0.01154056191444397,
        -0.009433373808860779,
        0.08334532380104065
    ]
}