{
    "scale": 1.0239647670885155,
    "centroid": [
        -0.008685678243637085,
        -0.007384985685348511,
        -0.008539557456970215
    ]
}