{"scale": 0.6679696769078205, "centroid": [0.000214502215385437, -0.000321999192237854, 0.0006190091371536255]}