{"scale": 0.5271122251610224, "centroid": [0.0034939944744110107, -0.005978509783744812, -0.0034004896879196167]}