{"scale": 0.4902745266956679, "centroid": [-0.00046700239181518555, -0.12926850467920303, 0.02794700115919113]}