{
    "scale": 0.47971781922223095,
    "centroid": [
        -0.001533500850200653,
        -0.08855500817298889,
        -0.09592549875378609
    ]
}