{"scale": 0.48631355724231107, "centroid": [1.2502074241638184e-05, -0.0001125037670135498, 0.0026804953813552856]}