{"scale": 0.5000000454374283, "centroid": [0.006147012114524841, 0.028968002647161484, 0.003099501132965088]}