{"scale": 0.4914820650388, "centroid": [-0.08696700632572174, -0.058659009635448456, 0.011519007384777069]}