{
    "scale": 1.0312705698428886,
    "centroid": [
        -0.011854827404022217,
        -0.004665061831474304,
        -0.007609128952026367
    ]
}