{"scale": 0.6224632632956967, "centroid": [-9.350478649139404e-05, 0.00036050379276275635, 0.004038006067276001]}