{
    "scale": 1.5124243882749382,
    "centroid": [
        0.015301346778869629,
        -0.008635193109512329,
        -0.009045243263244629
    ]
}