{
    "scale": 1.254097915118565,
    "centroid": [
        -0.008050322532653809,
        -0.006954103708267212,
        -0.01692458987236023
    ]
}