{"scale": 0.5000001079307432, "centroid": [-0.009336501359939575, -0.07863900810480118, 0.047905996441841125]}