{"scale": 0.4999787283137666, "centroid": [0.006457500159740448, -0.0023645013570785522, -0.06970199197530746]}