{
    "scale": 1.1872755182938275,
    "centroid": [
        -0.001931026577949524,
        -0.0026923418045043945,
        0.011105433106422424
    ]
}