{"scale": 0.4761003652478752, "centroid": [-9.799748659133911e-05, 0.12683798372745514, -0.04947299510240555]}