{
    "scale": 1.374964418094875,
    "centroid": [
        -0.011558353900909424,
        -0.025630205869674683,
        -0.004489213228225708
    ]
}