{
    "scale": 1.142784526292144,
    "centroid": [
        -0.008153140544891357,
        -0.009323939681053162,
        -0.01087409257888794
    ]
}