{
    "scale": 1.1984821768482243,
    "centroid": [
        -0.008233249187469482,
        -0.004797518253326416,
        -0.001349121332168579
    ]
}