{"scale": 0.5315079903904523, "centroid": [0.0007025003433227539, 0.0013660043478012085, 0.0018664896488189697]}