{
    "scale": 1.040813562505428,
    "centroid": [
        -0.011461563408374786,
        -0.006514951586723328,
        -0.009226351976394653
    ]
}