{"scale": 0.4999998285986596, "centroid": [-2.0995736122131348e-05, -0.06114600598812103, -0.050425004214048386]}