{"scale": 0.6417706485886666, "centroid": [0.0007954984903335571, 0.0009724944829940796, 0.0018385052680969238]}