{
    "scale": 0.4970321569514445,
    "centroid": [
        0.002498999238014221,
        -0.006904996931552887,
        -0.001878000795841217
    ]
}