{"scale": 0.6326736948174223, "centroid": [0.0001135021448135376, 0.0004445016384124756, -0.0007025003433227539]}