{"scale": 0.4955764683605038, "centroid": [5.249679088592529e-05, 0.07750099897384644, 0.017369002103805542]}