{"scale": 0.602523378758637, "centroid": [0.0013490021228790283, 0.0018804967403411865, 0.0009694993495941162]}