{
    "scale": 0.4667018700951257,
    "centroid": [
        2.0116567611694336e-06,
        -0.005470007658004761,
        0.003854498267173767
    ]
}