{"scale": 0.574330418317549, "centroid": [0.00028999149799346924, -0.00041300058364868164, -0.0028010010719299316]}